{
  "excludeFiles": ["submodules/**", "node_modules/**",
    "./lib/server/static/**", "./lib/devices/firefoxos/atoms/*.js",
    "./test/harmony/**/*.js", "./sample-code/**",
    "./sample-code/apps/**", "./sample-code/examples/php/vendor/**"],
  "requireCurlyBraces": ["for", "while", "do", "try", "catch"],
  "requireSpaceAfterKeywords": ["if", "else", "for", "while", "do", "switch",
    "return", "try", "catch", "function"],
  "disallowMixedSpacesAndTabs": true,
  "disallowTrailingWhitespace": true,
  "requireSpacesInFunctionExpression": {
    "beforeOpeningCurlyBrace": true
  }
}
